query_id,recip_rank,P_5,P_10,P_20,recall_5,recall_10,recall_20,ndcg_cut_5,ndcg_cut_10,ndcg_cut_20
10000138,0.2,0.2,0.1,0.05,0.16666666666666666,0.16666666666666666,0.16666666666666666,0.13120507751234178,0.11706259313796354,0.11706259313796354
10002326,1.0,0.4,0.2,0.1,1.0,1.0,1.0,1.0,1.0,1.0
10008710,0.0,0.0,0.0,0.0,0.0,0.0,0.0,0.0,0.0,0.0
10020508,0.3333333333333333,0.2,0.1,0.05,0.5,0.5,0.5,0.3065735963827292,0.3065735963827292,0.3065735963827292
10024927,0.047619047619047616,0.0,0.0,0.0,0.0,0.0,0.0,0.0,0.0,0.0
10033029,0.0,0.0,0.0,0.0,0.0,0.0,0.0,0.0,0.0,0.0
10033212,1.0,0.2,0.1,0.05,0.5,0.5,0.5,0.6131471927654584,0.6131471927654584,0.6131471927654584
10044751,0.0,0.0,0.0,0.0,0.0,0.0,0.0,0.0,0.0,0.0
10049307,0.0,0.0,0.0,0.0,0.0,0.0,0.0,0.0,0.0,0.0
10050282,1.0,0.4,0.2,0.1,0.5,0.5,0.5,0.6366824387328317,0.6366824387328317,0.6366824387328317
10062873,0.024390243902439025,0.0,0.0,0.0,0.0,0.0,0.0,0.0,0.0,0.0
10062975,0.0,0.0,0.0,0.0,0.0,0.0,0.0,0.0,0.0,0.0
10069135,0.125,0.0,0.1,0.05,0.0,0.5,0.5,0.0,0.19342640361727081,0.19342640361727081
10083399,0.5,0.2,0.1,0.05,0.5,0.5,0.5,0.38685280723454163,0.38685280723454163,0.38685280723454163
10084165,0.013157894736842105,0.0,0.0,0.0,0.0,0.0,0.0,0.0,0.0,0.0
10084185,0.5,0.2,0.1,0.05,0.5,0.5,0.5,0.38685280723454163,0.38685280723454163,0.38685280723454163
10084204,0.0,0.0,0.0,0.0,0.0,0.0,0.0,0.0,0.0,0.0
10093183,0.07142857142857142,0.0,0.0,0.05,0.0,0.0,0.3333333333333333,0.0,0.0,0.12011565579805131
10116152,0.011904761904761904,0.0,0.0,0.0,0.0,0.0,0.0,0.0,0.0,0.0
10118502,0.2,0.2,0.1,0.1,0.5,0.5,1.0,0.23719771276929622,0.23719771276929622,0.39824053785850433
10122044,0.5,0.6,0.3,0.15,1.0,1.0,1.0,0.7328286204777911,0.7328286204777911,0.7328286204777911
10128511,0.03225806451612903,0.0,0.0,0.0,0.0,0.0,0.0,0.0,0.0,0.0
10128516,0.125,0.0,0.1,0.05,0.0,0.3333333333333333,0.3333333333333333,0.0,0.1480409554829326,0.1480409554829326
10128666,0.016129032258064516,0.0,0.0,0.0,0.0,0.0,0.0,0.0,0.0,0.0
10135051,1.0,0.2,0.1,0.05,0.5,0.5,0.5,0.6131471927654584,0.6131471927654584,0.6131471927654584
10141564,0.0,0.0,0.0,0.0,0.0,0.0,0.0,0.0,0.0,0.0
10141569,0.0,0.0,0.0,0.0,0.0,0.0,0.0,0.0,0.0,0.0
10153476,0.0,0.0,0.0,0.0,0.0,0.0,0.0,0.0,0.0,0.0
10153651,0.0,0.0,0.0,0.0,0.0,0.0,0.0,0.0,0.0,0.0
10158148,0.0,0.0,0.0,0.0,0.0,0.0,0.0,0.0,0.0,0.0
10160344,1.0,0.2,0.1,0.05,0.16666666666666666,0.16666666666666666,0.16666666666666666,0.3391602052736161,0.30260241349881345,0.30260241349881345
10164245,1.0,0.2,0.1,0.05,0.14285714285714285,0.14285714285714285,0.14285714285714285,0.3391602052736161,0.27487633291429087,0.27487633291429087
10170811,0.5,0.4,0.2,0.1,1.0,1.0,1.0,0.6934264036172708,0.6934264036172708,0.6934264036172708
10181587,0.02702702702702703,0.0,0.0,0.0,0.0,0.0,0.0,0.0,0.0,0.0
10199643,0.015384615384615385,0.0,0.0,0.0,0.0,0.0,0.0,0.0,0.0,0.0
10199838,0.058823529411764705,0.0,0.0,0.05,0.0,0.0,0.25,0.0,0.0,0.09361800268759637
10211452,0.09090909090909091,0.0,0.0,0.05,0.0,0.0,0.5,0.0,0.0,0.1710330840677181
10223649,0.0,0.0,0.0,0.0,0.0,0.0,0.0,0.0,0.0,0.0
10229117,0.5,0.2,0.1,0.1,0.5,0.5,1.0,0.38685280723454163,0.38685280723454163,0.5338931479009518
10230083,0.14285714285714285,0.0,0.1,0.05,0.0,0.5,0.5,0.0,0.20438239758848611,0.20438239758848611
10230128,0.3333333333333333,0.4,0.2,0.1,0.6666666666666666,0.6666666666666666,0.6666666666666666,0.41618115554873086,0.41618115554873086,0.41618115554873086
10242001,0.16666666666666666,0.0,0.1,0.05,0.0,0.5,0.5,0.0,0.21840743681816419,0.21840743681816419
10242093,0.0,0.0,0.0,0.0,0.0,0.0,0.0,0.0,0.0,0.0
10243202,0.125,0.0,0.1,0.05,0.0,0.5,0.5,0.0,0.19342640361727081,0.19342640361727081
10243241,0.0,0.0,0.0,0.0,0.0,0.0,0.0,0.0,0.0,0.0
10253051,0.024390243902439025,0.0,0.0,0.0,0.0,0.0,0.0,0.0,0.0,0.0
10268956,0.0,0.0,0.0,0.0,0.0,0.0,0.0,0.0,0.0,0.0
10270141,0.5,0.4,0.2,0.1,1.0,1.0,1.0,0.6934264036172708,0.6934264036172708,0.6934264036172708
10283804,0.04,0.0,0.0,0.0,0.0,0.0,0.0,0.0,0.0,0.0
10290855,0.0,0.0,0.0,0.0,0.0,0.0,0.0,0.0,0.0,0.0
10290895,0.125,0.0,0.1,0.1,0.0,0.3333333333333333,0.6666666666666666,0.0,0.1480409554829326,0.27129679467565615
10296837,0.0,0.0,0.0,0.0,0.0,0.0,0.0,0.0,0.0,0.0
10308587,1.0,0.2,0.1,0.05,0.5,0.5,0.5,0.6131471927654584,0.6131471927654584,0.6131471927654584
10312501,0.0,0.0,0.0,0.0,0.0,0.0,0.0,0.0,0.0,0.0
10316047,0.14285714285714285,0.0,0.2,0.1,0.0,1.0,1.0,0.0,0.39780880120575696,0.39780880120575696
10320032,0.06666666666666667,0.0,0.0,0.05,0.0,0.0,0.3333333333333333,0.0,0.0,0.11731968150568911
10320927,0.0,0.0,0.0,0.0,0.0,0.0,0.0,0.0,0.0,0.0
10322646,0.5,0.4,0.2,0.1,0.6666666666666666,0.6666666666666666,0.6666666666666666,0.4776237035032179,0.4776237035032179,0.4776237035032179
10325211,1.0,0.2,0.1,0.05,0.5,0.5,0.5,0.6131471927654584,0.6131471927654584,0.6131471927654584
10326142,0.06666666666666667,0.0,0.0,0.05,0.0,0.0,0.5,0.0,0.0,0.1532867981913646
10326166,0.0,0.0,0.0,0.0,0.0,0.0,0.0,0.0,0.0,0.0
10330787,0.025,0.0,0.0,0.0,0.0,0.0,0.0,0.0,0.0,0.0
10333164,0.0,0.0,0.0,0.0,0.0,0.0,0.0,0.0,0.0,0.0
10340484,0.1,0.0,0.1,0.05,0.0,0.3333333333333333,0.3333333333333333,0.0,0.13565197343244778,0.13565197343244778
10343964,0.0,0.0,0.0,0.0,0.0,0.0,0.0,0.0,0.0,0.0
10345620,0.5,0.2,0.1,0.05,0.5,0.5,0.5,0.38685280723454163,0.38685280723454163,0.38685280723454163
10361404,0.5,0.2,0.1,0.05,0.5,0.5,0.5,0.38685280723454163,0.38685280723454163,0.38685280723454163
10367188,0.3333333333333333,0.2,0.1,0.05,0.3333333333333333,0.3333333333333333,0.3333333333333333,0.23463936301137822,0.23463936301137822,0.23463936301137822
10367198,0.3333333333333333,0.2,0.1,0.05,0.5,0.5,0.5,0.3065735963827292,0.3065735963827292,0.3065735963827292
10367201,0.0,0.0,0.0,0.0,0.0,0.0,0.0,0.0,0.0,0.0
10387801,0.016666666666666666,0.0,0.0,0.0,0.0,0.0,0.0,0.0,0.0,0.0
10396355,0.0,0.0,0.0,0.0,0.0,0.0,0.0,0.0,0.0,0.0
10399455,0.07692307692307693,0.0,0.0,0.05,0.0,0.0,0.5,0.0,0.0,0.16104282508920814
10403889,1.0,0.2,0.1,0.05,0.5,0.5,0.5,0.6131471927654584,0.6131471927654584,0.6131471927654584
10403931,0.125,0.0,0.1,0.1,0.0,0.3333333333333333,0.6666666666666666,0.0,0.1480409554829326,0.27129679467565615
10410113,0.0,0.0,0.0,0.0,0.0,0.0,0.0,0.0,0.0,0.0
10411260,0.3333333333333333,0.2,0.1,0.05,0.5,0.5,0.5,0.3065735963827292,0.3065735963827292,0.3065735963827292
10411310,0.020833333333333332,0.0,0.0,0.0,0.0,0.0,0.0,0.0,0.0,0.0
10424784,0.2,0.2,0.1,0.05,0.3333333333333333,0.3333333333333333,0.3333333333333333,0.18154179253735267,0.18154179253735267,0.18154179253735267
10445317,0.029411764705882353,0.0,0.0,0.0,0.0,0.0,0.0,0.0,0.0,0.0
10445379,0.041666666666666664,0.0,0.0,0.0,0.0,0.0,0.0,0.0,0.0,0.0
10445645,0.047619047619047616,0.0,0.0,0.0,0.0,0.0,0.0,0.0,0.0,0.0
10446271,0.16666666666666666,0.0,0.2,0.1,0.0,0.6666666666666666,0.6666666666666666,0.0,0.30281242839865,0.30281242839865
10446873,0.125,0.0,0.1,0.05,0.0,0.3333333333333333,0.3333333333333333,0.0,0.1480409554829326,0.1480409554829326
10467541,0.01818181818181818,0.0,0.0,0.0,0.0,0.0,0.0,0.0,0.0,0.0
10476101,1.0,0.4,0.2,0.1,0.4,0.4,0.4,0.5087403079104241,0.5087403079104241,0.5087403079104241
10490796,0.05,0.0,0.0,0.05,0.0,0.0,0.25,0.0,0.0,0.08887792306803073
10497932,1.0,0.4,0.2,0.1,0.6666666666666666,0.6666666666666666,0.6666666666666666,0.6713860725233041,0.6713860725233041,0.6713860725233041
10497935,1.0,0.8,0.5,0.25,0.5714285714285714,0.7142857142857143,0.7142857142857143,0.8687949224876582,0.8020378746650065,0.8020378746650065
10497958,0.14285714285714285,0.0,0.1,0.1,0.0,0.5,1.0,0.0,0.20438239758848611,0.34872271197120736
10516189,0.16666666666666666,0.0,0.1,0.05,0.0,0.3333333333333333,0.3333333333333333,0.0,0.16716045496620227,0.16716045496620227
10521475,1.0,0.6,0.3,0.15,0.6,0.6,0.6,0.7227265726449519,0.7227265726449519,0.7227265726449519
10522824,0.0,0.0,0.0,0.0,0.0,0.0,0.0,0.0,0.0,0.0
10528870,0.01818181818181818,0.0,0.0,0.0,0.0,0.0,0.0,0.0,0.0,0.0
10535870,1.0,0.4,0.2,0.1,0.4,0.4,0.4,0.5531464700081437,0.5531464700081437,0.5531464700081437
10552727,0.25,0.2,0.1,0.05,0.5,0.5,0.5,0.2640681225725909,0.2640681225725909,0.2640681225725909
10556494,0.023255813953488372,0.0,0.0,0.0,0.0,0.0,0.0,0.0,0.0,0.0
10565305,0.1111111111111111,0.0,0.1,0.05,0.0,0.5,0.5,0.0,0.18457569677956817,0.18457569677956817
10565306,0.09090909090909091,0.0,0.0,0.05,0.0,0.0,0.5,0.0,0.0,0.1710330840677181
10565504,0.037037037037037035,0.0,0.0,0.0,0.0,0.0,0.0,0.0,0.0,0.0
10566608,0.0,0.0,0.0,0.0,0.0,0.0,0.0,0.0,0.0,0.0
10573863,0.0,0.0,0.0,0.0,0.0,0.0,0.0,0.0,0.0,0.0
10586169,0.019230769230769232,0.0,0.0,0.0,0.0,0.0,0.0,0.0,0.0,0.0
10586966,0.16666666666666666,0.0,0.1,0.1,0.0,0.3333333333333333,0.6666666666666666,0.0,0.16716045496620227,0.2796993437616699
10593952,0.047619047619047616,0.0,0.0,0.0,0.0,0.0,0.0,0.0,0.0,0.0
10608293,0.5,0.2,0.1,0.05,0.2,0.2,0.2,0.21398626473452756,0.21398626473452756,0.21398626473452756
10608454,1.0,0.2,0.1,0.05,0.5,0.5,0.5,0.6131471927654584,0.6131471927654584,0.6131471927654584
10615413,0.0,0.0,0.0,0.0,0.0,0.0,0.0,0.0,0.0,0.0
10628735,0.0,0.0,0.0,0.0,0.0,0.0,0.0,0.0,0.0,0.0
10629862,0.017857142857142856,0.0,0.0,0.0,0.0,0.0,0.0,0.0,0.0,0.0
10637017,0.0,0.0,0.0,0.0,0.0,0.0,0.0,0.0,0.0,0.0
10637038,1.0,0.8,0.5,0.3,0.5714285714285714,0.7142857142857143,0.8571428571428571,0.7860137352654724,0.7286594176617927,0.7990162209014998
10643125,0.1,0.0,0.1,0.05,0.0,0.3333333333333333,0.3333333333333333,0.0,0.13565197343244778,0.13565197343244778
10644342,0.14285714285714285,0.0,0.2,0.1,0.0,1.0,1.0,0.0,0.3889580943680543,0.3889580943680543
10644363,1.0,0.2,0.1,0.05,0.25,0.25,0.25,0.3903800499921017,0.3903800499921017,0.3903800499921017
10671675,0.3333333333333333,0.2,0.1,0.05,0.5,0.5,0.5,0.3065735963827292,0.3065735963827292,0.3065735963827292
10673070,1.0,0.4,0.2,0.1,1.0,1.0,1.0,0.8772153153380493,0.8772153153380493,0.8772153153380493
10686167,0.16666666666666666,0.0,0.1,0.05,0.0,0.5,0.5,0.0,0.21840743681816419,0.21840743681816419
10693122,0.0,0.0,0.0,0.0,0.0,0.0,0.0,0.0,0.0,0.0
10699196,0.0136986301369863,0.0,0.0,0.0,0.0,0.0,0.0,0.0,0.0,0.0
10706357,0.0625,0.0,0.0,0.1,0.0,0.0,0.6666666666666666,0.0,0.0,0.22734818352148542
10706358,0.0625,0.0,0.0,0.05,0.0,0.0,0.5,0.0,0.0,0.15000679310833784
10706360,0.14285714285714285,0.0,0.1,0.1,0.0,0.3333333333333333,0.6666666666666666,0.0,0.15642624200758548,0.2632670462693757
10719766,0.058823529411764705,0.0,0.0,0.05,0.0,0.0,0.5,0.0,0.0,0.14704034066641014
10726355,0.0,0.0,0.0,0.0,0.0,0.0,0.0,0.0,0.0,0.0
10727454,0.024390243902439025,0.0,0.0,0.0,0.0,0.0,0.0,0.0,0.0,0.0
10733677,0.0,0.0,0.0,0.0,0.0,0.0,0.0,0.0,0.0,0.0
10734682,0.0,0.0,0.0,0.0,0.0,0.0,0.0,0.0,0.0,0.0
10734683,0.0,0.0,0.0,0.0,0.0,0.0,0.0,0.0,0.0,0.0
10749186,0.2,0.2,0.2,0.15,0.2,0.4,0.6,0.13120507751234178,0.22924436334369883,0.31832463356193325
10763497,0.06666666666666667,0.0,0.0,0.05,0.0,0.0,0.5,0.0,0.0,0.1532867981913646
10769535,0.03571428571428571,0.0,0.0,0.0,0.0,0.0,0.0,0.0,0.0,0.0
10769537,0.02040816326530612,0.0,0.0,0.0,0.0,0.0,0.0,0.0,0.0,0.0
10769549,0.0,0.0,0.0,0.0,0.0,0.0,0.0,0.0,0.0,0.0
10770765,0.0,0.0,0.0,0.0,0.0,0.0,0.0,0.0,0.0,0.0
10789540,0.047619047619047616,0.0,0.0,0.0,0.0,0.0,0.0,0.0,0.0,0.0
10793162,0.5,0.2,0.1,0.05,0.5,0.5,0.5,0.38685280723454163,0.38685280723454163,0.38685280723454163
10795878,0.09090909090909091,0.0,0.0,0.05,0.0,0.0,0.5,0.0,0.0,0.1710330840677181
10796227,0.0,0.0,0.0,0.0,0.0,0.0,0.0,0.0,0.0,0.0
10797303,0.5,0.2,0.1,0.05,0.14285714285714285,0.14285714285714285,0.14285714285714285,0.21398626473452756,0.17342765698823945,0.17342765698823945
10797314,1.0,0.4,0.2,0.1,0.6666666666666666,0.6666666666666666,0.6666666666666666,0.7653606369886217,0.7653606369886217,0.7653606369886217
10818965,0.05,0.0,0.0,0.05,0.0,0.0,0.3333333333333333,0.0,0.0,0.10684080426179023
10818979,0.0625,0.0,0.0,0.1,0.0,0.0,0.4,0.0,0.0,0.16145001035622542
10846591,0.034482758620689655,0.0,0.0,0.0,0.0,0.0,0.0,0.0,0.0,0.0
10847833,0.038461538461538464,0.0,0.0,0.0,0.0,0.0,0.0,0.0,0.0,0.0
10860932,0.029411764705882353,0.0,0.0,0.0,0.0,0.0,0.0,0.0,0.0,0.0
10860933,0.038461538461538464,0.0,0.0,0.0,0.0,0.0,0.0,0.0,0.0,0.0
10860934,0.02702702702702703,0.0,0.0,0.0,0.0,0.0,0.0,0.0,0.0,0.0
10860936,0.06666666666666667,0.0,0.0,0.05,0.0,0.0,0.2,0.0,0.0,0.08479005131840403
10862105,1.0,0.2,0.1,0.05,0.2,0.2,0.2,0.3391602052736161,0.3391602052736161,0.3391602052736161
10868305,0.0,0.0,0.0,0.0,0.0,0.0,0.0,0.0,0.0,0.0
10868332,0.5,0.4,0.3,0.25,0.05405405405405406,0.08108108108108109,0.13513513513513514,0.38356636737133565,0.3222722491219547,0.2777777662713102
10873079,0.0,0.0,0.0,0.0,0.0,0.0,0.0,0.0,0.0,0.0
10879515,0.0,0.0,0.0,0.0,0.0,0.0,0.0,0.0,0.0,0.0
10892478,0.013157894736842105,0.0,0.0,0.0,0.0,0.0,0.0,0.0,0.0,0.0
10892492,0.012048192771084338,0.0,0.0,0.0,0.0,0.0,0.0,0.0,0.0,0.0
10892507,0.01818181818181818,0.0,0.0,0.0,0.0,0.0,0.0,0.0,0.0,0.0
10930915,0.01098901098901099,0.0,0.0,0.0,0.0,0.0,0.0,0.0,0.0,0.0
10930937,0.06666666666666667,0.0,0.0,0.05,0.0,0.0,0.5,0.0,0.0,0.1532867981913646
10944118,0.5,0.2,0.1,0.05,0.3333333333333333,0.3333333333333333,0.3333333333333333,0.2960819109658652,0.2960819109658652,0.2960819109658652
10949765,1.0,0.2,0.1,0.05,0.3333333333333333,0.3333333333333333,0.3333333333333333,0.46927872602275644,0.46927872602275644,0.46927872602275644
9130228,1.0,0.4,0.3,0.15,0.6666666666666666,1.0,1.0,0.7653606369886217,0.9066276098484507,0.9066276098484507
9171248,1.0,0.2,0.1,0.05,0.5,0.5,0.5,0.6131471927654584,0.6131471927654584,0.6131471927654584
9269952,1.0,0.4,0.2,0.1,1.0,1.0,1.0,1.0,1.0,1.0
9406015,0.16666666666666666,0.0,0.3,0.2,0.0,0.375,0.5,0.0,0.24603788793219938,0.3124731712051756
9412063,0.3333333333333333,0.2,0.1,0.05,0.125,0.125,0.125,0.16958010263680806,0.12647135138382856,0.12647135138382856
9419297,0.2,0.2,0.2,0.1,0.5,1.0,1.0,0.23719771276929622,0.45560514958746035,0.45560514958746035
9489619,0.2,0.2,0.1,0.05,0.5,0.5,0.5,0.23719771276929622,0.23719771276929622,0.23719771276929622
9531004,1.0,0.2,0.1,0.05,0.2,0.2,0.2,0.3391602052736161,0.3391602052736161,0.3391602052736161
9533631,0.0,0.0,0.0,0.0,0.0,0.0,0.0,0.0,0.0,0.0
9552550,0.16666666666666666,0.0,0.1,0.05,0.0,0.5,0.5,0.0,0.21840743681816419,0.21840743681816419
9564639,0.25,0.2,0.1,0.05,0.16666666666666666,0.16666666666666666,0.16666666666666666,0.14606834984270645,0.13032376591037062,0.13032376591037062
9566876,0.047619047619047616,0.0,0.0,0.0,0.0,0.0,0.0,0.0,0.0,0.0
9595711,0.0,0.0,0.0,0.0,0.0,0.0,0.0,0.0,0.0,0.0
9608245,0.0,0.0,0.0,0.0,0.0,0.0,0.0,0.0,0.0,0.0
9646262,0.5,0.2,0.1,0.05,0.5,0.5,0.5,0.38685280723454163,0.38685280723454163,0.38685280723454163
9666893,0.014492753623188406,0.0,0.0,0.0,0.0,0.0,0.0,0.0,0.0,0.0
9711770,0.0,0.0,0.0,0.0,0.0,0.0,0.0,0.0,0.0,0.0
9716274,1.0,0.2,0.1,0.1,0.5,0.5,1.0,0.6131471927654584,0.6131471927654584,0.7631539858737962
9728768,0.011235955056179775,0.0,0.0,0.0,0.0,0.0,0.0,0.0,0.0,0.0
9728770,0.2,0.2,0.2,0.1,0.5,1.0,1.0,0.23719771276929622,0.45560514958746035,0.45560514958746035
9735411,0.037037037037037035,0.0,0.0,0.0,0.0,0.0,0.0,0.0,0.0,0.0
9798977,0.0625,0.0,0.0,0.05,0.0,0.0,0.5,0.0,0.0,0.15000679310833784
9799886,0.3333333333333333,0.4,0.2,0.1,1.0,1.0,1.0,0.5437713091520254,0.5437713091520254,0.5437713091520254
9837659,0.0,0.0,0.0,0.0,0.0,0.0,0.0,0.0,0.0,0.0
9840127,0.0,0.0,0.0,0.0,0.0,0.0,0.0,0.0,0.0,0.0
9852370,0.125,0.0,0.1,0.1,0.0,0.25,0.5,0.0,0.123151194370365,0.23204495543859718
9853318,1.0,0.4,0.2,0.1,1.0,1.0,1.0,0.8503449055347546,0.8503449055347546,0.8503449055347546
9870449,0.0,0.0,0.0,0.0,0.0,0.0,0.0,0.0,0.0,0.0
9899647,0.0,0.0,0.0,0.0,0.0,0.0,0.0,0.0,0.0,0.0
9899661,0.0,0.0,0.0,0.0,0.0,0.0,0.0,0.0,0.0,0.0
9911518,0.1111111111111111,0.0,0.1,0.1,0.0,0.5,1.0,0.0,0.18457569677956817,0.34561852186877634
9916532,0.5,0.2,0.1,0.1,0.3333333333333333,0.3333333333333333,0.6666666666666666,0.2960819109658652,0.2960819109658652,0.4228989277982588
9917335,0.0,0.0,0.0,0.0,0.0,0.0,0.0,0.0,0.0,0.0
9923189,0.041666666666666664,0.0,0.0,0.0,0.0,0.0,0.0,0.0,0.0,0.0
9938308,0.25,0.2,0.1,0.1,0.5,0.5,1.0,0.2640681225725909,0.2640681225725909,0.4140749156809287
9941536,0.14285714285714285,0.0,0.1,0.25,0.0,0.2,1.0,0.0,0.11305340175787204,0.47136977469622277
9950704,0.01694915254237288,0.0,0.0,0.0,0.0,0.0,0.0,0.0,0.0,0.0
9966630,0.0,0.0,0.0,0.0,0.0,0.0,0.0,0.0,0.0,0.0
9966632,1.0,0.2,0.1,0.05,0.5,0.5,0.5,0.6131471927654584,0.6131471927654584,0.6131471927654584
9971965,0.047619047619047616,0.0,0.0,0.0,0.0,0.0,0.0,0.0,0.0,0.0
9972856,1.0,0.2,0.1,0.05,0.5,0.5,0.5,0.6131471927654584,0.6131471927654584,0.6131471927654584
9979724,0.03225806451612903,0.0,0.0,0.0,0.0,0.0,0.0,0.0,0.0,0.0
9991570,0.012658227848101266,0.0,0.0,0.0,0.0,0.0,0.0,0.0,0.0,0.0
9993874,0.5,0.2,0.2,0.1,0.5,1.0,1.0,0.38685280723454163,0.5714285040141098,0.5714285040141098
9997815,0.024390243902439025,0.0,0.0,0.0,0.0,0.0,0.0,0.0,0.0,0.0
